Country,Reported number of children receiving ART,Estimated number of children needing ART based on WHO methods,Estimated ART coverage among children (%),Estimated number of children needing ART based on WHO methods_median,Estimated number of children needing ART based on WHO methods_min,Estimated number of children needing ART based on WHO methods_max,Estimated ART coverage among children (%)_median,Estimated ART coverage among children (%)_min,Estimated ART coverage among children (%)_max,WHO Region
Afghanistan,60,500[500-530],17[10-26],500.0,500.0,530.0,17.0,10.0,26.0,Eastern Mediterranean
Albania,20,Nodata,Nodata,1900.0,1600.0,2400.0,41.0,34.0,55.0,Europe
Algeria,770,500[500-520],95[95-95],500.0,500.0,520.0,95.0,95.0,95.0,Africa
Angola,4800,38000[30000-47000],13[10-16],38000.0,30000.0,47000.0,13.0,10.0,16.0,Africa
Argentina,1700,1800[1600-2100],92[84-95],1800.0,1600.0,2100.0,92.0,84.0,95.0,Americas
Armenia,No data,Nodata,Nodata,1900.0,1600.0,2400.0,41.0,34.0,55.0,Europe
Australia,No data,100[100-100],Nodata,100.0,100.0,100.0,41.0,34.0,55.0,Western Pacific
Austria,No data,Nodata,Nodata,1900.0,1600.0,2400.0,41.0,34.0,55.0,Europe
Azerbaijan,110,Nodata,Nodata,1900.0,1600.0,2400.0,41.0,34.0,55.0,Europe
Bahamas,40,200[200-500],21[18-26],200.0,200.0,500.0,21.0,18.0,26.0,Americas
Bahrain,No data,Nodata,Nodata,1900.0,1600.0,2400.0,41.0,34.0,55.0,Eastern Mediterranean
Bangladesh,130,500[500-500],33[28-38],500.0,500.0,500.0,33.0,28.0,38.0,South-East Asia
Barbados,No data,Nodata,Nodata,1900.0,1600.0,2400.0,41.0,34.0,55.0,Americas
Belarus,220,500[200-500],88[64-95],500.0,200.0,500.0,88.0,64.0,95.0,Europe
Belgium,No data,Nodata,Nodata,1900.0,1600.0,2400.0,41.0,34.0,55.0,Europe
Belize,60,200[200-200],34[31-38],200.0,200.0,200.0,34.0,31.0,38.0,Americas
Benin,2000,4600[2800-8000],44[27-77],4600.0,2800.0,8000.0,44.0,27.0,77.0,Africa
Bhutan,No data,Nodata,Nodata,1900.0,1600.0,2400.0,41.0,34.0,55.0,South-East Asia
Bolivia (Plurinational State of),250,620[560-670],40[37-43],620.0,560.0,670.0,40.0,37.0,43.0,Americas
Bosnia and Herzegovina,No data,Nodata,Nodata,1900.0,1600.0,2400.0,41.0,34.0,55.0,Europe
Botswana,5400,14000[10000-17000],38[28-46],14000.0,10000.0,17000.0,38.0,28.0,46.0,Africa
Brazil,No data,Nodata,Nodata,1900.0,1600.0,2400.0,41.0,34.0,55.0,Americas
Brunei Darussalam,0,Nodata,Nodata,1900.0,1600.0,2400.0,41.0,34.0,55.0,Western Pacific
Bulgaria,No data,Nodata,Nodata,1900.0,1600.0,2400.0,41.0,34.0,55.0,Europe
Burkina Faso,1900,9100[6300-12000],21[15-29],9100.0,6300.0,12000.0,21.0,15.0,29.0,Africa
Burundi,3400,11000[8000-14000],30[22-38],11000.0,8000.0,14000.0,30.0,22.0,38.0,Africa
Cabo Verde,No data,Nodata,Nodata,1900.0,1600.0,2400.0,41.0,34.0,55.0,Africa
Cambodia,3000,3300[2800-3900],92[78-95],3300.0,2800.0,3900.0,92.0,78.0,95.0,Western Pacific
Cameroon,10 300,43000[33000-51000],24[18-28],43000.0,33000.0,51000.0,24.0,18.0,28.0,Africa
Canada,No data,Nodata,Nodata,1900.0,1600.0,2400.0,41.0,34.0,55.0,Americas
Central African Republic,2500,11000[8200-14000],23[18-29],11000.0,8200.0,14000.0,23.0,18.0,29.0,Africa
Chad,2600,16000[11000-21000],16[11-22],16000.0,11000.0,21000.0,16.0,11.0,22.0,Africa
Chile,140,500[500-500],56[50-61],500.0,500.0,500.0,56.0,50.0,61.0,Americas
China,6200,Nodata,Nodata,1900.0,1600.0,2400.0,41.0,34.0,55.0,Western Pacific
Colombia,1500,3600[2900-4300],41[32-49],3600.0,2900.0,4300.0,41.0,32.0,49.0,Americas
Comoros,No data,Nodata,Nodata,1900.0,1600.0,2400.0,41.0,34.0,55.0,Africa
Congo,2000,7700[5800-10000],25[19-33],7700.0,5800.0,10000.0,25.0,19.0,33.0,Americas
Costa Rica,No data,Nodata,Nodata,1900.0,1600.0,2400.0,41.0,34.0,55.0,Americas
Côte d'Ivoire,12 300,31000[23000-41000],40[29-54],31000.0,23000.0,41000.0,40.0,29.0,54.0,Africa
Croatia,No data,Nodata,Nodata,1900.0,1600.0,2400.0,41.0,34.0,55.0,Europe
Cuba,30,100[100-200],34[23-46],100.0,100.0,200.0,34.0,23.0,46.0,Americas
Cyprus,No data,Nodata,Nodata,1900.0,1600.0,2400.0,41.0,34.0,55.0,Europe
Czechia,No data,Nodata,Nodata,1900.0,1600.0,2400.0,41.0,34.0,55.0,Europe
Democratic People's Republic of Korea,No data,Nodata,Nodata,1900.0,1600.0,2400.0,41.0,34.0,55.0,Western Pacific
Democratic Republic of the Congo,16 000,64000[50000-76000],25[20-30],64000.0,50000.0,76000.0,25.0,20.0,30.0,Africa
Denmark,No data,Nodata,Nodata,1900.0,1600.0,2400.0,41.0,34.0,55.0,Europe
Djibouti,80,810[640-1000],10[8-13],810.0,640.0,1000.0,10.0,8.0,13.0,Eastern Mediterranean
Dominican Republic,780,1400[1000-1900],55[39-74],1400.0,1000.0,1900.0,55.0,39.0,74.0,Americas
Ecuador,540,660[500-1200],82[54-95],660.0,500.0,1200.0,82.0,54.0,95.0,Americas
Egypt,180,500[500-500],39[36-42],500.0,500.0,500.0,39.0,36.0,42.0,Eastern Mediterranean
El Salvador,150,610[500-740],24[19-30],610.0,500.0,740.0,24.0,19.0,30.0,Americas
Equatorial Guinea,770,5300[3800-7100],14[10-19],5300.0,3800.0,7100.0,14.0,10.0,19.0,Africa
Eritrea,500,1300[930-2000],37[26-55],1300.0,930.0,2000.0,37.0,26.0,55.0,Africa
Estonia,No data,Nodata,Nodata,1900.0,1600.0,2400.0,41.0,34.0,55.0,Europe
Eswatini,8600,11000[9400-13000],76[63-88],11000.0,9400.0,13000.0,76.0,63.0,88.0,Africa
Ethiopia,21 500,36000[23000-55000],59[38-90],36000.0,23000.0,55000.0,59.0,38.0,90.0,Africa
Fiji,No data,Nodata,Nodata,1900.0,1600.0,2400.0,41.0,34.0,55.0,Western Pacific
Finland,No data,Nodata,Nodata,1900.0,1600.0,2400.0,41.0,34.0,55.0,Europe
France,No data,500[500-500],Nodata,500.0,500.0,500.0,41.0,34.0,55.0,Europe
Gabon,1900,3200[2300-4400],57[41-78],3200.0,2300.0,4400.0,57.0,41.0,78.0,Africa
Gambia,550,1900[1400-2500],30[23-39],1900.0,1400.0,2500.0,30.0,23.0,39.0,Africa
Georgia,No data,Nodata,Nodata,1900.0,1600.0,2400.0,41.0,34.0,55.0,Europe
Germany,No data,200[100-200],Nodata,200.0,100.0,200.0,41.0,34.0,55.0,Europe
Ghana,5900,30000[23000-37000],20[15-25],30000.0,23000.0,37000.0,20.0,15.0,25.0,Africa
Greece,No data,Nodata,Nodata,1900.0,1600.0,2400.0,41.0,34.0,55.0,Europe
Guatemala,730,2000[1800-2200],36[33-39],2000.0,1800.0,2200.0,36.0,33.0,39.0,Americas
Guinea,2100,10000[7900-13000],20[15-25],10000.0,7900.0,13000.0,20.0,15.0,25.0,Africa
Guinea-Bissau,350,5700[4700-6600],6[5-7],5700.0,4700.0,6600.0,6.0,5.0,7.0,Africa
Guyana,110,500[500-500],38[31-44],500.0,500.0,500.0,38.0,31.0,44.0,Americas
Haiti,3400,8700[7000-9900],40[32-45],8700.0,7000.0,9900.0,40.0,32.0,45.0,Americas
Honduras,360,890[710-1100],41[33-49],890.0,710.0,1100.0,41.0,33.0,49.0,Americas
Hungary,No data,Nodata,Nodata,1900.0,1600.0,2400.0,41.0,34.0,55.0,Europe
Iceland,No data,Nodata,Nodata,1900.0,1600.0,2400.0,41.0,34.0,55.0,Europe
India,No data,Nodata,Nodata,1900.0,1600.0,2400.0,41.0,34.0,55.0,South-East Asia
Indonesia,3900,18000[15000-20000],22[19-26],18000.0,15000.0,20000.0,22.0,19.0,26.0,South-East Asia
Iran (Islamic Republic of),510,880[580-1600],58[39-95],880.0,580.0,1600.0,58.0,39.0,95.0,Eastern Mediterranean
Ireland,No data,100[100-100],Nodata,100.0,100.0,100.0,41.0,34.0,55.0,Europe
Israel,No data,100[100-100],Nodata,100.0,100.0,100.0,41.0,34.0,55.0,Europe
Italy,No data,500[200-500],Nodata,500.0,200.0,500.0,41.0,34.0,55.0,Europe
Jamaica,140,500[500-500],51[46-57],500.0,500.0,500.0,51.0,46.0,57.0,Americas
Japan,No data,Nodata,Nodata,1900.0,1600.0,2400.0,41.0,34.0,55.0,Western Pacific
Jordan,No data,Nodata,Nodata,1900.0,1600.0,2400.0,41.0,34.0,55.0,Eastern Mediterranean
Kazakhstan,430,500[500-500],95[95-95],500.0,500.0,500.0,95.0,95.0,95.0,Europe
Kenya,74 300,120000[95000-160000],61[47-78],120000.0,95000.0,160000.0,61.0,47.0,78.0,Africa
Kuwait,No data,Nodata,Nodata,1900.0,1600.0,2400.0,41.0,34.0,55.0,Eastern Mediterranean
Kyrgyzstan,450,500[500-500],95[95-95],500.0,500.0,500.0,95.0,95.0,95.0,Europe
Lao People's Democratic Republic,280,700[620-820],40[35-46],700.0,620.0,820.0,40.0,35.0,46.0,Western Pacific
Latvia,No data,Nodata,Nodata,1900.0,1600.0,2400.0,41.0,34.0,55.0,Europe
Lebanon,No data,Nodata,Nodata,1900.0,1600.0,2400.0,41.0,34.0,55.0,Eastern Mediterranean
Lesotho,8500,12000[9500-14000],70[55-81],12000.0,9500.0,14000.0,70.0,55.0,81.0,Africa
Liberia,680,3700[3000-4400],18[14-21],3700.0,3000.0,4400.0,18.0,14.0,21.0,Africa
Libya,80,500[500-500],33[30-35],500.0,500.0,500.0,33.0,30.0,35.0,Eastern Mediterranean
Lithuania,No data,Nodata,Nodata,1900.0,1600.0,2400.0,41.0,34.0,55.0,Europe
Luxembourg,No data,Nodata,Nodata,1900.0,1600.0,2400.0,41.0,34.0,55.0,Europe
Madagascar,90,1900[1600-2500],5[4-6],1900.0,1600.0,2500.0,5.0,4.0,6.0,Africa
Malawi,45 100,74000[57000-89000],61[47-73],74000.0,57000.0,89000.0,61.0,47.0,73.0,Africa
Malaysia,400,500[500-520],94[77-95],500.0,500.0,520.0,94.0,77.0,95.0,Western Pacific
Maldives,No data,Nodata,Nodata,1900.0,1600.0,2400.0,41.0,34.0,55.0,South-East Asia
Mali,3400,19000[15000-24000],18[14-23],19000.0,15000.0,24000.0,18.0,14.0,23.0,Africa
Malta,No data,Nodata,Nodata,1900.0,1600.0,2400.0,41.0,34.0,55.0,Europe
Mauritania,180,500[500-500],54[46-66],500.0,500.0,500.0,54.0,46.0,66.0,Africa
Mauritius,40,100[100-200],45[40-50],100.0,100.0,200.0,45.0,40.0,50.0,Africa
Mexico,No data,2300[1900-2600],Nodata,2300.0,1900.0,2600.0,41.0,34.0,55.0,Americas
Mongolia,No data,Nodata,Nodata,1900.0,1600.0,2400.0,41.0,34.0,55.0,Western Pacific
Montenegro,No data,Nodata,Nodata,1900.0,1600.0,2400.0,41.0,34.0,55.0,Europe
Morocco,670,560[500-770],95[88-95],560.0,500.0,770.0,95.0,88.0,95.0,Eastern Mediterranean
Mozambique,86 900,140000[110000-190000],60[45-81],140000.0,110000.0,190000.0,60.0,45.0,81.0,Africa
Myanmar,7900,9800[8400-11000],80[69-93],9800.0,8400.0,11000.0,80.0,69.0,93.0,South-East Asia
Namibia,8600,11000[8700-13000],78[61-89],11000.0,8700.0,13000.0,78.0,61.0,89.0,Africa
Nepal,1300,1400[1200-1600],91[80-95],1400.0,1200.0,1600.0,91.0,80.0,95.0,South-East Asia
Netherlands,No data,Nodata,Nodata,1900.0,1600.0,2400.0,41.0,34.0,55.0,Europe
New Zealand,No data,Nodata,Nodata,1900.0,1600.0,2400.0,41.0,34.0,55.0,Western Pacific
Nicaragua,120,500[200-500],55[41-76],500.0,200.0,500.0,55.0,41.0,76.0,Americas
Niger,1300,2500[2100-3200],52[42-66],2500.0,2100.0,3200.0,52.0,42.0,66.0,Africa
Nigeria,50 200,140000[91000-220000],35[22-53],140000.0,91000.0,220000.0,35.0,22.0,53.0,Africa
Norway,No data,Nodata,Nodata,1900.0,1600.0,2400.0,41.0,34.0,55.0,Europe
Oman,No data,Nodata,Nodata,1900.0,1600.0,2400.0,41.0,34.0,55.0,Eastern Mediterranean
Pakistan,610,5500[4700-6300],11[10-13],5500.0,4700.0,6300.0,11.0,10.0,13.0,Eastern Mediterranean
Panama,200,500[500-500],76[69-84],500.0,500.0,500.0,76.0,69.0,84.0,Americas
Papua New Guinea,1400,2900[2300-3500],49[39-58],2900.0,2300.0,3500.0,49.0,39.0,58.0,Western Pacific
Paraguay,170,500[500-640],43[28-68],500.0,500.0,640.0,43.0,28.0,68.0,Americas
Peru,740,1600[1100-2300],48[34-70],1600.0,1100.0,2300.0,48.0,34.0,70.0,Americas
Philippines,90,500[500-510],20[16-25],500.0,500.0,510.0,20.0,16.0,25.0,Western Pacific
Poland,No data,Nodata,Nodata,1900.0,1600.0,2400.0,41.0,34.0,55.0,Europe
Portugal,No data,100[100-100],Nodata,100.0,100.0,100.0,41.0,34.0,55.0,Europe
Qatar,0,Nodata,Nodata,1900.0,1600.0,2400.0,41.0,34.0,55.0,Eastern Mediterranean
Republic of Korea,No data,Nodata,Nodata,1900.0,1600.0,2400.0,41.0,34.0,55.0,Western Pacific
Republic of Moldova,130,500[500-500],40[30-55],500.0,500.0,500.0,40.0,30.0,55.0,Europe
Republic of North Macedonia,No data,Nodata,Nodata,1900.0,1600.0,2400.0,41.0,34.0,55.0,Europe
Romania,170,100[100-100],95[95-95],100.0,100.0,100.0,95.0,95.0,95.0,Europe
Russian Federation,No data,Nodata,Nodata,1900.0,1600.0,2400.0,41.0,34.0,55.0,Europe
Rwanda,7500,12000[8900-15000],63[47-80],12000.0,8900.0,15000.0,63.0,47.0,80.0,Africa
Saudi Arabia,120,Nodata,Nodata,1900.0,1600.0,2400.0,41.0,34.0,55.0,Eastern Mediterranean
Senegal,1400,4500[3700-5100],31[26-35],4500.0,3700.0,5100.0,31.0,26.0,35.0,Africa
Serbia,No data,Nodata,Nodata,1900.0,1600.0,2400.0,41.0,34.0,55.0,Europe
Sierra Leone,1100,6600[5100-8500],17[13-22],6600.0,5100.0,8500.0,17.0,13.0,22.0,Africa
Singapore,No data,Nodata,Nodata,1900.0,1600.0,2400.0,41.0,34.0,55.0,Western Pacific
Slovakia,No data,Nodata,Nodata,1900.0,1600.0,2400.0,41.0,34.0,55.0,Europe
Slovenia,No data,Nodata,Nodata,1900.0,1600.0,2400.0,41.0,34.0,55.0,Europe
Somalia,190,1300[1100-1800],14[12-19],1300.0,1100.0,1800.0,14.0,12.0,19.0,Eastern Mediterranean
South Africa,163 000,260000[200000-360000],63[49-87],260000.0,200000.0,360000.0,63.0,49.0,87.0,Africa
South Sudan,1500,16000[12000-21000],9[7-12],16000.0,12000.0,21000.0,9.0,7.0,12.0,Africa
Spain,No data,100[100-200],Nodata,100.0,100.0,200.0,41.0,34.0,55.0,Europe
Sri Lanka,No data,Nodata,Nodata,1900.0,1600.0,2400.0,41.0,34.0,55.0,South-East Asia
Sudan,620,4200[2400-6800],15[8-23],4200.0,2400.0,6800.0,15.0,8.0,23.0,Eastern Mediterranean
Suriname,50,100[100-100],72[45-95],100.0,100.0,100.0,72.0,45.0,95.0,Americas
Sweden,No data,Nodata,Nodata,1900.0,1600.0,2400.0,41.0,34.0,55.0,Europe
Switzerland,No data,Nodata,Nodata,1900.0,1600.0,2400.0,41.0,34.0,55.0,Europe
Syrian Arab Republic,No data,Nodata,Nodata,1900.0,1600.0,2400.0,41.0,34.0,55.0,Eastern Mediterranean
Tajikistan,750,540[500-630],95[95-95],540.0,500.0,630.0,95.0,95.0,95.0,Europe
Thailand,2600,3200[2600-3800],83[68-95],3200.0,2600.0,3800.0,83.0,68.0,95.0,South-East Asia
Timor-Leste,No data,Nodata,Nodata,1900.0,1600.0,2400.0,41.0,34.0,55.0,South-East Asia
Togo,4200,12000[11000-14000],34[29-38],12000.0,11000.0,14000.0,34.0,29.0,38.0,Africa
Trinidad and Tobago,No data,Nodata,Nodata,1900.0,1600.0,2400.0,41.0,34.0,55.0,Americas
Tunisia,No data,Nodata,Nodata,1900.0,1600.0,2400.0,41.0,34.0,55.0,Eastern Mediterranean
Turkey,No data,Nodata,Nodata,1900.0,1600.0,2400.0,41.0,34.0,55.0,Europe
Turkmenistan,No data,Nodata,Nodata,1900.0,1600.0,2400.0,41.0,34.0,55.0,Europe
Uganda,67 100,100000[88000-110000],66[57-74],100000.0,88000.0,110000.0,66.0,57.0,74.0,Africa
Ukraine,820,850[750-980],95[84-95],850.0,750.0,980.0,95.0,84.0,95.0,Europe
United Arab Emirates,No data,Nodata,Nodata,1900.0,1600.0,2400.0,41.0,34.0,55.0,Eastern Mediterranean
United Kingdom of Great Britain and Northern Ireland,No data,Nodata,Nodata,1900.0,1600.0,2400.0,41.0,34.0,55.0,Europe
United Republic of Tanzania,59 600,92000[72000-110000],65[51-80],92000.0,72000.0,110000.0,65.0,51.0,80.0,Africa
United States of America,No data,Nodata,Nodata,1900.0,1600.0,2400.0,41.0,34.0,55.0,Americas
Uruguay,80,200[100-200],64[47-90],200.0,100.0,200.0,64.0,47.0,90.0,Americas
Uzbekistan,5500,6000[5600-6300],93[87-95],6000.0,5600.0,6300.0,93.0,87.0,95.0,Europe
Venezuela (Bolivarian Republic of),No data,Nodata,Nodata,1900.0,1600.0,2400.0,41.0,34.0,55.0,Americas
Viet Nam,4600,5000[4000-5900],92[74-95],5000.0,4000.0,5900.0,92.0,74.0,95.0,Western Pacific
Yemen,130,500[500-580],33[24-50],500.0,500.0,580.0,33.0,24.0,50.0,Eastern Mediterranean
Zambia,49 100,62000[52000-74000],79[65-93],62000.0,52000.0,74000.0,79.0,65.0,93.0,Africa
Zimbabwe,63 900,84000[65000-100000],76[59-93],84000.0,65000.0,100000.0,76.0,59.0,93.0,Africa
