Country,Year,Count,Count_median,Count_min,Count_max,WHO Region
Afghanistan,2018,500[200–610],500.0,200.0,610.0,Eastern Mediterranean
Albania,2018,na,605.0,500.0,875.0,Europe
Algeria,2018,200[200–200],200.0,200.0,200.0,Africa
Angola,2018,14000[9500–18000],14000.0,9500.0,18000.0,Africa
Argentina,2018,1700[1300–2100],1700.0,1300.0,2100.0,Americas
Armenia,2018,200[100–200],200.0,100.0,200.0,Europe
Australia,2018,200[200–500],200.0,200.0,500.0,Western Pacific
Austria,2018,na,605.0,500.0,875.0,Europe
Azerbaijan,2018,na,605.0,500.0,875.0,Europe
Bahamas,2018,200[200–500],200.0,200.0,500.0,Americas
Bahrain,2018,na,605.0,500.0,875.0,Eastern Mediterranean
Bangladesh,2018,580[500–680],580.0,500.0,680.0,South-East Asia
Barbados,2018,100[100–100],100.0,100.0,100.0,Americas
Belarus,2018,500[200–500],500.0,200.0,500.0,Europe
Belgium,2018,na,605.0,500.0,875.0,Europe
Belize,2018,200[200–500],200.0,200.0,500.0,Americas
Benin,2018,2200[1100–4400],2200.0,1100.0,4400.0,Africa
Bhutan,2018,100[100–200],100.0,100.0,200.0,South-East Asia
Bolivia (Plurinational State of),2018,670[550–760],670.0,550.0,760.0,Americas
Bosnia and Herzegovina,2018,100[100–100],100.0,100.0,100.0,Europe
Botswana,2018,4800[4100–5700],4800.0,4100.0,5700.0,Africa
Brazil,2018,15000[11000–19000],15000.0,11000.0,19000.0,Americas
Brunei Darussalam,2018,na,605.0,500.0,875.0,Western Pacific
Bulgaria,2018,100[100–100],100.0,100.0,100.0,Europe
Burkina Faso,2018,3300[2400–4400],3300.0,2400.0,4400.0,Africa
Burundi,2018,1900[1400–2500],1900.0,1400.0,2500.0,Africa
Cabo Verde,2018,100[100–100],100.0,100.0,100.0,Africa
Cambodia,2018,1300[920–1900],1300.0,920.0,1900.0,Western Pacific
Cameroon,2018,18000[15000–21000],18000.0,15000.0,21000.0,Africa
Canada,2018,na,605.0,500.0,875.0,Americas
Central African Republic,2018,4800[3700–6400],4800.0,3700.0,6400.0,Africa
Chad,2018,3100[2000–4500],3100.0,2000.0,4500.0,Africa
Chile,2018,590[500–770],590.0,500.0,770.0,Americas
China,2018,na,605.0,500.0,875.0,Western Pacific
Colombia,2018,na,605.0,500.0,875.0,Americas
Comoros,2018,100[100–100],100.0,100.0,100.0,Africa
Congo,2018,4000[2800–5400],4000.0,2800.0,5400.0,Americas
Costa Rica,2018,500[200–500],500.0,200.0,500.0,Americas
Côte d'Ivoire,2018,16000[11000–23000],16000.0,11000.0,23000.0,Africa
Croatia,2018,100[100–100],100.0,100.0,100.0,Europe
Cuba,2018,500[500–580],500.0,500.0,580.0,Americas
Cyprus,2018,na,605.0,500.0,875.0,Europe
Czechia,2018,100[100–100],100.0,100.0,100.0,Europe
Democratic People's Republic of Korea,2018,na,605.0,500.0,875.0,Western Pacific
Democratic Republic of the Congo,2018,13000[10000–17000],13000.0,10000.0,17000.0,Africa
Denmark,2018,100[100–100],100.0,100.0,100.0,Europe
Djibouti,2018,500[500–550],500.0,500.0,550.0,Eastern Mediterranean
Dominican Republic,2018,1200[750–1900],1200.0,750.0,1900.0,Americas
Ecuador,2018,620[500–1500],620.0,500.0,1500.0,Americas
Egypt,2018,500[500–500],500.0,500.0,500.0,Eastern Mediterranean
El Salvador,2018,700[500–1000],700.0,500.0,1000.0,Americas
Equatorial Guinea,2018,1800[1200–2600],1800.0,1200.0,2600.0,Africa
Eritrea,2018,500[500–890],500.0,500.0,890.0,Africa
Estonia,2018,100[100–200],100.0,100.0,200.0,Europe
Eswatini,2018,2400[2000–2900],2400.0,2000.0,2900.0,Africa
Ethiopia,2018,11000[6800–19000],11000.0,6800.0,19000.0,Africa
Fiji,2018,na,605.0,500.0,875.0,Western Pacific
Finland,2018,100[100–100],100.0,100.0,100.0,Europe
France,2018,500[500–540],500.0,500.0,540.0,Europe
Gabon,2018,1200[790–1700],1200.0,790.0,1700.0,Africa
Gambia,2018,980[650–1400],980.0,650.0,1400.0,Africa
Georgia,2018,500[200–500],500.0,200.0,500.0,Europe
Germany,2018,500[500–670],500.0,500.0,670.0,Europe
Ghana,2018,14000[11000–18000],14000.0,11000.0,18000.0,Africa
Greece,2018,na,605.0,500.0,875.0,Europe
Guatemala,2018,2200[2000–2400],2200.0,2000.0,2400.0,Americas
Guinea,2018,4300[3300–5400],4300.0,3300.0,5400.0,Africa
Guinea-Bissau,2018,1800[1400–2100],1800.0,1400.0,2100.0,Africa
Guyana,2018,200[100–200],200.0,100.0,200.0,Americas
Haiti,2018,2700[2200–3600],2700.0,2200.0,3600.0,Americas
Honduras,2018,780[540–1100],780.0,540.0,1100.0,Americas
Hungary,2018,100[100–100],100.0,100.0,100.0,Europe
Iceland,2018,100[100–100],100.0,100.0,100.0,Europe
India,2018,na,605.0,500.0,875.0,South-East Asia
Indonesia,2018,38000[33000–43000],38000.0,33000.0,43000.0,South-East Asia
Iran (Islamic Republic of),2018,2600[1400–5100],2600.0,1400.0,5100.0,Eastern Mediterranean
Ireland,2018,100[100–100],100.0,100.0,100.0,Europe
Israel,2018,100[100–100],100.0,100.0,100.0,Europe
Italy,2018,710[510–930],710.0,510.0,930.0,Europe
Jamaica,2018,1500[1300–1800],1500.0,1300.0,1800.0,Americas
Japan,2018,na,605.0,500.0,875.0,Western Pacific
Jordan,2018,100[100–100],100.0,100.0,100.0,Eastern Mediterranean
Kazakhstan,2018,500[500–530],500.0,500.0,530.0,Europe
Kenya,2018,25000[18000–38000],25000.0,18000.0,38000.0,Africa
Kuwait,2018,100[100–100],100.0,100.0,100.0,Eastern Mediterranean
Kyrgyzstan,2018,200[200–500],200.0,200.0,500.0,Europe
Lao People's Democratic Republic,2018,500[500–500],500.0,500.0,500.0,Western Pacific
Latvia,2018,100[100–100],100.0,100.0,100.0,Europe
Lebanon,2018,100[100–100],100.0,100.0,100.0,Eastern Mediterranean
Lesotho,2018,6100[5000–7600],6100.0,5000.0,7600.0,Africa
Liberia,2018,1800[1700–1900],1800.0,1700.0,1900.0,Africa
Libya,2018,200[200–200],200.0,200.0,200.0,Eastern Mediterranean
Lithuania,2018,na,605.0,500.0,875.0,Europe
Luxembourg,2018,100[100–100],100.0,100.0,100.0,Europe
Madagascar,2018,1700[1200–2300],1700.0,1200.0,2300.0,Africa
Malawi,2018,13000[11000–16000],13000.0,11000.0,16000.0,Africa
Malaysia,2018,2600[2100–3300],2600.0,2100.0,3300.0,Western Pacific
Maldives,2018,na,605.0,500.0,875.0,South-East Asia
Mali,2018,6500[5000–8700],6500.0,5000.0,8700.0,Africa
Malta,2018,na,605.0,500.0,875.0,Europe
Mauritania,2018,500[200–500],500.0,200.0,500.0,Africa
Mauritius,2018,610[500–820],610.0,500.0,820.0,Africa
Mexico,2018,na,605.0,500.0,875.0,Americas
Mongolia,2018,100[100–100],100.0,100.0,100.0,Western Pacific
Montenegro,2018,100[100–100],100.0,100.0,100.0,Europe
Morocco,2018,500[500–600],500.0,500.0,600.0,Eastern Mediterranean
Mozambique,2018,54000[39000–73000],54000.0,39000.0,73000.0,Africa
Myanmar,2018,7800[5900–11000],7800.0,5900.0,11000.0,South-East Asia
Namibia,2018,2700[2300–3200],2700.0,2300.0,3200.0,Africa
Nepal,2018,910[700–1200],910.0,700.0,1200.0,South-East Asia
Netherlands,2018,na,605.0,500.0,875.0,Europe
New Zealand,2018,100[100–100],100.0,100.0,100.0,Western Pacific
Nicaragua,2018,200[200–500],200.0,200.0,500.0,Americas
Niger,2018,1200[970–1700],1200.0,970.0,1700.0,Africa
Nigeria,2018,53000[31000–89000],53000.0,31000.0,89000.0,Africa
Norway,2018,100[100–100],100.0,100.0,100.0,Europe
Oman,2018,100[100–100],100.0,100.0,100.0,Eastern Mediterranean
Pakistan,2018,6400[5200–7600],6400.0,5200.0,7600.0,Eastern Mediterranean
Panama,2018,500[500–530],500.0,500.0,530.0,Americas
Papua New Guinea,2018,na,605.0,500.0,875.0,Western Pacific
Paraguay,2018,720[500–1200],720.0,500.0,1200.0,Americas
Peru,2018,1000[650–1900],1000.0,650.0,1900.0,Americas
Philippines,2018,1200[800–1700],1200.0,800.0,1700.0,Western Pacific
Poland,2018,na,605.0,500.0,875.0,Europe
Portugal,2018,500[500–500],500.0,500.0,500.0,Europe
Qatar,2018,na,605.0,500.0,875.0,Eastern Mediterranean
Republic of Korea,2018,na,605.0,500.0,875.0,Western Pacific
Republic of Moldova,2018,570[500–860],570.0,500.0,860.0,Europe
Republic of North Macedonia,2018,100[100–100],100.0,100.0,100.0,Europe
Romania,2018,200[100–200],200.0,100.0,200.0,Europe
Russian Federation,2018,na,605.0,500.0,875.0,Europe
Rwanda,2018,2900[2400–3500],2900.0,2400.0,3500.0,Africa
Saudi Arabia,2018,na,605.0,500.0,875.0,Eastern Mediterranean
Senegal,2018,1300[1000–1600],1300.0,1000.0,1600.0,Africa
Serbia,2018,100[100–100],100.0,100.0,100.0,Europe
Sierra Leone,2018,2100[1600–2800],2100.0,1600.0,2800.0,Africa
Singapore,2018,100[100–100],100.0,100.0,100.0,Western Pacific
Slovakia,2018,100[100–100],100.0,100.0,100.0,Europe
Slovenia,2018,100[100–100],100.0,100.0,100.0,Europe
Somalia,2018,710[530–1000],710.0,530.0,1000.0,Eastern Mediterranean
South Africa,2018,71000[52000–91000],71000.0,52000.0,91000.0,Africa
South Sudan,2018,9900[6900–13000],9900.0,6900.0,13000.0,Africa
Spain,2018,na,605.0,500.0,875.0,Europe
Sri Lanka,2018,200[200–500],200.0,200.0,500.0,South-East Asia
Sudan,2018,2900[1400–5200],2900.0,1400.0,5200.0,Eastern Mediterranean
Suriname,2018,100[100–200],100.0,100.0,200.0,Americas
Sweden,2018,na,605.0,500.0,875.0,Europe
Switzerland,2018,na,605.0,500.0,875.0,Europe
Syrian Arab Republic,2018,100[100–100],100.0,100.0,100.0,Eastern Mediterranean
Tajikistan,2018,500[500–500],500.0,500.0,500.0,Europe
Thailand,2018,18000[13000–26000],18000.0,13000.0,26000.0,South-East Asia
Timor-Leste,2018,na,605.0,500.0,875.0,South-East Asia
Togo,2018,3800[3300–4200],3800.0,3300.0,4200.0,Africa
Trinidad and Tobago,2018,na,605.0,500.0,875.0,Americas
Tunisia,2018,100[100–200],100.0,100.0,200.0,Eastern Mediterranean
Turkey,2018,na,605.0,500.0,875.0,Europe
Turkmenistan,2018,na,605.0,500.0,875.0,Europe
Uganda,2018,23000[19000–31000],23000.0,19000.0,31000.0,Africa
Ukraine,2018,6100[4700–8000],6100.0,4700.0,8000.0,Europe
United Arab Emirates,2018,na,605.0,500.0,875.0,Eastern Mediterranean
United Kingdom of Great Britain and Northern Ireland,2018,na,605.0,500.0,875.0,Europe
United Republic of Tanzania,2018,24000[20000–29000],24000.0,20000.0,29000.0,Africa
United States of America,2018,na,605.0,500.0,875.0,Americas
Uruguay,2018,200[100–500],200.0,100.0,500.0,Americas
Uzbekistan,2018,1300[1100–1500],1300.0,1100.0,1500.0,Europe
Venezuela (Bolivarian Republic of),2018,na,605.0,500.0,875.0,Americas
Viet Nam,2018,4700[3200–6200],4700.0,3200.0,6200.0,Western Pacific
Yemen,2018,500[200–520],500.0,200.0,520.0,Eastern Mediterranean
Zambia,2018,17000[13000–22000],17000.0,13000.0,22000.0,Africa
Zimbabwe,2018,22000[17000–27000],22000.0,17000.0,27000.0,Africa
Afghanistan,2010,500[200–500],500.0,200.0,500.0,Eastern Mediterranean
Albania,2010,na,605.0,500.0,875.0,Europe
Algeria,2010,200[100–200],200.0,100.0,200.0,Africa
Angola,2010,10000[7300–13000],10000.0,7300.0,13000.0,Africa
Argentina,2010,1600[1300–2000],1600.0,1300.0,2000.0,Americas
Armenia,2010,200[200–200],200.0,200.0,200.0,Europe
Australia,2010,500[200–500],500.0,200.0,500.0,Western Pacific
Austria,2010,na,605.0,500.0,875.0,Europe
Azerbaijan,2010,na,605.0,500.0,875.0,Europe
Bahamas,2010,200[200–500],200.0,200.0,500.0,Americas
Bahrain,2010,na,605.0,500.0,875.0,Eastern Mediterranean
Bangladesh,2010,500[500–500],500.0,500.0,500.0,South-East Asia
Barbados,2010,100[100–100],100.0,100.0,100.0,Americas
Belarus,2010,200[100–500],200.0,100.0,500.0,Europe
Belgium,2010,na,605.0,500.0,875.0,Europe
Belize,2010,200[100–200],200.0,100.0,200.0,Americas
Benin,2010,2000[980–4100],2000.0,980.0,4100.0,Africa
Bhutan,2010,100[100–500],100.0,100.0,500.0,South-East Asia
Bolivia (Plurinational State of),2010,1600[1500–1800],1600.0,1500.0,1800.0,Americas
Bosnia and Herzegovina,2010,100[100–100],100.0,100.0,100.0,Europe
Botswana,2010,7300[6500–8000],7300.0,6500.0,8000.0,Africa
Brazil,2010,15000[11000–19000],15000.0,11000.0,19000.0,Americas
Brunei Darussalam,2010,na,605.0,500.0,875.0,Western Pacific
Bulgaria,2010,100[100–100],100.0,100.0,100.0,Europe
Burkina Faso,2010,4800[3600–6300],4800.0,3600.0,6300.0,Africa
Burundi,2010,5200[4100–6400],5200.0,4100.0,6400.0,Africa
Cabo Verde,2010,100[100–100],100.0,100.0,100.0,Africa
Cambodia,2010,2500[1900–3400],2500.0,1900.0,3400.0,Western Pacific
Cameroon,2010,22000[19000–25000],22000.0,19000.0,25000.0,Africa
Canada,2010,na,605.0,500.0,875.0,Americas
Central African Republic,2010,7800[6400–9400],7800.0,6400.0,9400.0,Africa
Chad,2010,3500[2600–4800],3500.0,2600.0,4800.0,Africa
Chile,2010,na,605.0,500.0,875.0,Americas
China,2010,na,605.0,500.0,875.0,Western Pacific
Colombia,2010,na,605.0,500.0,875.0,Americas
Comoros,2010,100[100–100],100.0,100.0,100.0,Africa
Congo,2010,3900[3100–4800],3900.0,3100.0,4800.0,Americas
Costa Rica,2010,500[200–500],500.0,200.0,500.0,Americas
Côte d'Ivoire,2010,24000[17000–34000],24000.0,17000.0,34000.0,Africa
Croatia,2010,100[100–100],100.0,100.0,100.0,Europe
Cuba,2010,500[200–500],500.0,200.0,500.0,Americas
Cyprus,2010,na,605.0,500.0,875.0,Europe
Czechia,2010,100[100–100],100.0,100.0,100.0,Europe
Democratic People's Republic of Korea,2010,na,605.0,500.0,875.0,Western Pacific
Democratic Republic of the Congo,2010,34000[27000–40000],34000.0,27000.0,40000.0,Africa
Denmark,2010,100[100–100],100.0,100.0,100.0,Europe
Djibouti,2010,630[500–780],630.0,500.0,780.0,Eastern Mediterranean
Dominican Republic,2010,3000[2100–4300],3000.0,2100.0,4300.0,Americas
Ecuador,2010,1100[520–2200],1100.0,520.0,2200.0,Americas
Egypt,2010,200[200–500],200.0,200.0,500.0,Eastern Mediterranean
El Salvador,2010,500[500–730],500.0,500.0,730.0,Americas
Equatorial Guinea,2010,1400[970–1900],1400.0,970.0,1900.0,Africa
Eritrea,2010,620[500–980],620.0,500.0,980.0,Africa
Estonia,2010,200[200–200],200.0,200.0,200.0,Europe
Eswatini,2010,3800[3400–4200],3800.0,3400.0,4200.0,Africa
Ethiopia,2010,20000[12000–35000],20000.0,12000.0,35000.0,Africa
Fiji,2010,na,605.0,500.0,875.0,Western Pacific
Finland,2010,100[100–100],100.0,100.0,100.0,Europe
France,2010,600[500–780],600.0,500.0,780.0,Europe
Gabon,2010,1600[1100–2100],1600.0,1100.0,2100.0,Africa
Gambia,2010,970[660–1400],970.0,660.0,1400.0,Africa
Georgia,2010,100[100–100],100.0,100.0,100.0,Europe
Germany,2010,500[500–720],500.0,500.0,720.0,Europe
Ghana,2010,17000[14000–19000],17000.0,14000.0,19000.0,Africa
Greece,2010,na,605.0,500.0,875.0,Europe
Guatemala,2010,1700[1500–1900],1700.0,1500.0,1900.0,Americas
Guinea,2010,4100[3300–5000],4100.0,3300.0,5000.0,Africa
Guinea-Bissau,2010,1900[1500–2200],1900.0,1500.0,2200.0,Africa
Guyana,2010,100[100–200],100.0,100.0,200.0,Americas
Haiti,2010,4900[3800–6600],4900.0,3800.0,6600.0,Americas
Honduras,2010,1400[990–1800],1400.0,990.0,1800.0,Americas
Hungary,2010,100[100–100],100.0,100.0,100.0,Europe
Iceland,2010,100[100–100],100.0,100.0,100.0,Europe
India,2010,na,605.0,500.0,875.0,South-East Asia
Indonesia,2010,24000[19000–28000],24000.0,19000.0,28000.0,South-East Asia
Iran (Islamic Republic of),2010,2400[1700–3500],2400.0,1700.0,3500.0,Eastern Mediterranean
Ireland,2010,100[100–100],100.0,100.0,100.0,Europe
Israel,2010,100[100–100],100.0,100.0,100.0,Europe
Italy,2010,830[620–1100],830.0,620.0,1100.0,Europe
Jamaica,2010,1800[1500–2100],1800.0,1500.0,2100.0,Americas
Japan,2010,na,605.0,500.0,875.0,Western Pacific
Jordan,2010,100[100–100],100.0,100.0,100.0,Eastern Mediterranean
Kazakhstan,2010,500[500–500],500.0,500.0,500.0,Europe
Kenya,2010,56000[41000–86000],56000.0,41000.0,86000.0,Africa
Kuwait,2010,100[100–100],100.0,100.0,100.0,Eastern Mediterranean
Kyrgyzstan,2010,200[100–200],200.0,100.0,200.0,Europe
Lao People's Democratic Republic,2010,500[500–500],500.0,500.0,500.0,Western Pacific
Latvia,2010,200[200–200],200.0,200.0,200.0,Europe
Lebanon,2010,100[100–100],100.0,100.0,100.0,Eastern Mediterranean
Lesotho,2010,7200[5600–10000],7200.0,5600.0,10000.0,Africa
Liberia,2010,2700[2600–2900],2700.0,2600.0,2900.0,Africa
Libya,2010,100[100–200],100.0,100.0,200.0,Eastern Mediterranean
Lithuania,2010,na,605.0,500.0,875.0,Europe
Luxembourg,2010,100[100–100],100.0,100.0,100.0,Europe
Madagascar,2010,1400[1000–1700],1400.0,1000.0,1700.0,Africa
Malawi,2010,29000[25000–33000],29000.0,25000.0,33000.0,Africa
Malaysia,2010,2900[2400–3300],2900.0,2400.0,3300.0,Western Pacific
Maldives,2010,na,605.0,500.0,875.0,South-East Asia
Mali,2010,5300[4100–6700],5300.0,4100.0,6700.0,Africa
Malta,2010,na,605.0,500.0,875.0,Europe
Mauritania,2010,500[500–500],500.0,500.0,500.0,Africa
Mauritius,2010,500[500–680],500.0,500.0,680.0,Africa
Mexico,2010,na,605.0,500.0,875.0,Americas
Mongolia,2010,100[100–100],100.0,100.0,100.0,Western Pacific
Montenegro,2010,100[100–100],100.0,100.0,100.0,Europe
Morocco,2010,550[500–840],550.0,500.0,840.0,Eastern Mediterranean
Mozambique,2010,64000[46000–87000],64000.0,46000.0,87000.0,Africa
Myanmar,2010,11000[9600–13000],11000.0,9600.0,13000.0,South-East Asia
Namibia,2010,3500[3000–3900],3500.0,3000.0,3900.0,Africa
Nepal,2010,1400[1200–1700],1400.0,1200.0,1700.0,South-East Asia
Netherlands,2010,200[200–500],200.0,200.0,500.0,Europe
New Zealand,2010,100[100–100],100.0,100.0,100.0,Western Pacific
Nicaragua,2010,500[200–500],500.0,200.0,500.0,Americas
Niger,2010,1700[1300–2100],1700.0,1300.0,2100.0,Africa
Nigeria,2010,72000[42000–120000],72000.0,42000.0,120000.0,Africa
Norway,2010,100[100–100],100.0,100.0,100.0,Europe
Oman,2010,100[100–100],100.0,100.0,100.0,Eastern Mediterranean
Pakistan,2010,1400[870–1900],1400.0,870.0,1900.0,Eastern Mediterranean
Panama,2010,500[500–570],500.0,500.0,570.0,Americas
Papua New Guinea,2010,na,605.0,500.0,875.0,Western Pacific
Paraguay,2010,790[540–1200],790.0,540.0,1200.0,Americas
Peru,2010,2100[1400–3300],2100.0,1400.0,3300.0,Americas
Philippines,2010,500[200–500],500.0,200.0,500.0,Western Pacific
Poland,2010,na,605.0,500.0,875.0,Europe
Portugal,2010,930[730–1200],930.0,730.0,1200.0,Europe
Qatar,2010,na,605.0,500.0,875.0,Eastern Mediterranean
Republic of Korea,2010,na,605.0,500.0,875.0,Western Pacific
Republic of Moldova,2010,740[510–1100],740.0,510.0,1100.0,Europe
Republic of North Macedonia,2010,100[100–100],100.0,100.0,100.0,Europe
Romania,2010,200[100–200],200.0,100.0,200.0,Europe
Russian Federation,2010,na,605.0,500.0,875.0,Europe
Rwanda,2010,5700[4700–7100],5700.0,4700.0,7100.0,Africa
Saudi Arabia,2010,na,605.0,500.0,875.0,Eastern Mediterranean
Senegal,2010,1300[1000–1800],1300.0,1000.0,1800.0,Africa
Serbia,2010,100[100–100],100.0,100.0,100.0,Europe
Sierra Leone,2010,2900[2400–3600],2900.0,2400.0,3600.0,Africa
Singapore,2010,100[100–200],100.0,100.0,200.0,Western Pacific
Slovakia,2010,100[100–100],100.0,100.0,100.0,Europe
Slovenia,2010,100[100–100],100.0,100.0,100.0,Europe
Somalia,2010,1400[1200–1700],1400.0,1200.0,1700.0,Eastern Mediterranean
South Africa,2010,140000[110000–170000],140000.0,110000.0,170000.0,Africa
South Sudan,2010,9800[7300–13000],9800.0,7300.0,13000.0,Africa
Spain,2010,1300[1100–1700],1300.0,1100.0,1700.0,Europe
Sri Lanka,2010,500[200–500],500.0,200.0,500.0,South-East Asia
Sudan,2010,1900[1300–2600],1900.0,1300.0,2600.0,Eastern Mediterranean
Suriname,2010,200[100–500],200.0,100.0,500.0,Americas
Sweden,2010,na,605.0,500.0,875.0,Europe
Switzerland,2010,na,605.0,500.0,875.0,Europe
Syrian Arab Republic,2010,100[100–100],100.0,100.0,100.0,Eastern Mediterranean
Tajikistan,2010,500[500–560],500.0,500.0,560.0,Europe
Thailand,2010,27000[19000–36000],27000.0,19000.0,36000.0,South-East Asia
Timor-Leste,2010,na,605.0,500.0,875.0,South-East Asia
Togo,2010,5700[5100–6300],5700.0,5100.0,6300.0,Africa
Trinidad and Tobago,2010,na,605.0,500.0,875.0,Americas
Tunisia,2010,100[100–100],100.0,100.0,100.0,Eastern Mediterranean
Turkey,2010,na,605.0,500.0,875.0,Europe
Turkmenistan,2010,na,605.0,500.0,875.0,Europe
Uganda,2010,56000[48000–66000],56000.0,48000.0,66000.0,Africa
Ukraine,2010,12000[10000–15000],12000.0,10000.0,15000.0,Europe
United Arab Emirates,2010,na,605.0,500.0,875.0,Eastern Mediterranean
United Kingdom of Great Britain and Northern Ireland,2010,na,605.0,500.0,875.0,Europe
United Republic of Tanzania,2010,48000[42000–53000],48000.0,42000.0,53000.0,Africa
United States of America,2010,na,605.0,500.0,875.0,Americas
Uruguay,2010,500[200–500],500.0,200.0,500.0,Americas
Uzbekistan,2010,1800[1700–1900],1800.0,1700.0,1900.0,Europe
Venezuela (Bolivarian Republic of),2010,na,605.0,500.0,875.0,Americas
Viet Nam,2010,8500[6400–9800],8500.0,6400.0,9800.0,Western Pacific
Yemen,2010,200[100–500],200.0,100.0,500.0,Eastern Mediterranean
Zambia,2010,26000[21000–35000],26000.0,21000.0,35000.0,Africa
Zimbabwe,2010,54000[43000–68000],54000.0,43000.0,68000.0,Africa
Afghanistan,2000,100[100–500],100.0,100.0,500.0,Eastern Mediterranean
Albania,2000,na,605.0,500.0,875.0,Europe
Algeria,2000,100[100–100],100.0,100.0,100.0,Africa
Angola,2000,4800[3500–6400],4800.0,3500.0,6400.0,Africa
Argentina,2000,1400[1200–1700],1400.0,1200.0,1700.0,Americas
Armenia,2000,100[100–100],100.0,100.0,100.0,Europe
Australia,2000,500[200–500],500.0,200.0,500.0,Western Pacific
Austria,2000,na,605.0,500.0,875.0,Europe
Azerbaijan,2000,na,605.0,500.0,875.0,Europe
Bahamas,2000,500[500–500],500.0,500.0,500.0,Americas
Bahrain,2000,na,605.0,500.0,875.0,Eastern Mediterranean
Bangladesh,2000,100[100–100],100.0,100.0,100.0,South-East Asia
Barbados,2000,100[100–100],100.0,100.0,100.0,Americas
Belarus,2000,100[100–100],100.0,100.0,100.0,Europe
Belgium,2000,na,605.0,500.0,875.0,Europe
Belize,2000,100[100–100],100.0,100.0,100.0,Americas
Benin,2000,2400[1200–4900],2400.0,1200.0,4900.0,Africa
Bhutan,2000,100[100–100],100.0,100.0,100.0,South-East Asia
Bolivia (Plurinational State of),2000,670[500–830],670.0,500.0,830.0,Americas
Bosnia and Herzegovina,2000,100[100–100],100.0,100.0,100.0,Europe
Botswana,2000,15000[13000–18000],15000.0,13000.0,18000.0,Africa
Brazil,2000,15000[11000–20000],15000.0,11000.0,20000.0,Americas
Brunei Darussalam,2000,na,605.0,500.0,875.0,Western Pacific
Bulgaria,2000,100[100–100],100.0,100.0,100.0,Europe
Burkina Faso,2000,12000[9300–15000],12000.0,9300.0,15000.0,Africa
Burundi,2000,11000[7800–13000],11000.0,7800.0,13000.0,Africa
Cabo Verde,2000,200[100–200],200.0,100.0,200.0,Africa
Cambodia,2000,4500[3200–5800],4500.0,3200.0,5800.0,Western Pacific
Cameroon,2000,19000[15000–24000],19000.0,15000.0,24000.0,Africa
Canada,2000,na,605.0,500.0,875.0,Americas
Central African Republic,2000,11000[8400–14000],11000.0,8400.0,14000.0,Africa
Chad,2000,5600[3800–7700],5600.0,3800.0,7700.0,Africa
Chile,2000,na,605.0,500.0,875.0,Americas
China,2000,na,605.0,500.0,875.0,Western Pacific
Colombia,2000,na,605.0,500.0,875.0,Americas
Comoros,2000,100[100–100],100.0,100.0,100.0,Africa
Congo,2000,6100[4700–7800],6100.0,4700.0,7800.0,Americas
Costa Rica,2000,500[500–500],500.0,500.0,500.0,Americas
Côte d'Ivoire,2000,44000[32000–63000],44000.0,32000.0,63000.0,Africa
Croatia,2000,100[100–100],100.0,100.0,100.0,Europe
Cuba,2000,200[200–500],200.0,200.0,500.0,Americas
Cyprus,2000,na,605.0,500.0,875.0,Europe
Czechia,2000,100[100–100],100.0,100.0,100.0,Europe
Democratic People's Republic of Korea,2000,na,605.0,500.0,875.0,Western Pacific
Democratic Republic of the Congo,2000,43000[35000–49000],43000.0,35000.0,49000.0,Africa
Denmark,2000,100[100–100],100.0,100.0,100.0,Europe
Djibouti,2000,500[500–690],500.0,500.0,690.0,Eastern Mediterranean
Dominican Republic,2000,4800[3100–7100],4800.0,3100.0,7100.0,Americas
Ecuador,2000,1500[620–2600],1500.0,620.0,2600.0,Americas
Egypt,2000,100[100–100],100.0,100.0,100.0,Eastern Mediterranean
El Salvador,2000,810[580–1000],810.0,580.0,1000.0,Americas
Equatorial Guinea,2000,680[500–1000],680.0,500.0,1000.0,Africa
Eritrea,2000,1100[690–1500],1100.0,690.0,1500.0,Africa
Estonia,2000,100[100–100],100.0,100.0,100.0,Europe
Eswatini,2000,5000[4000–6100],5000.0,4000.0,6100.0,Africa
Ethiopia,2000,58000[35000–100000],58000.0,35000.0,100000.0,Africa
Fiji,2000,na,605.0,500.0,875.0,Western Pacific
Finland,2000,100[100–100],100.0,100.0,100.0,Europe
France,2000,880[720–1000],880.0,720.0,1000.0,Europe
Gabon,2000,1600[1100–2300],1600.0,1100.0,2300.0,Africa
Gambia,2000,500[500–620],500.0,500.0,620.0,Africa
Georgia,2000,100[100–100],100.0,100.0,100.0,Europe
Germany,2000,880[690–1100],880.0,690.0,1100.0,Europe
Ghana,2000,18000[15000–22000],18000.0,15000.0,22000.0,Africa
Greece,2000,na,605.0,500.0,875.0,Europe
Guatemala,2000,2400[2000–2700],2400.0,2000.0,2700.0,Americas
Guinea,2000,5000[3400–7000],5000.0,3400.0,7000.0,Africa
Guinea-Bissau,2000,1100[850–1400],1100.0,850.0,1400.0,Africa
Guyana,2000,100[100–200],100.0,100.0,200.0,Americas
Haiti,2000,12000[9400–15000],12000.0,9400.0,15000.0,Americas
Honduras,2000,3200[2300–4000],3200.0,2300.0,4000.0,Americas
Hungary,2000,100[100–100],100.0,100.0,100.0,Europe
Iceland,2000,100[100–100],100.0,100.0,100.0,Europe
India,2000,na,605.0,500.0,875.0,South-East Asia
Indonesia,2000,1900[1200–2500],1900.0,1200.0,2500.0,South-East Asia
Iran (Islamic Republic of),2000,500[500–1400],500.0,500.0,1400.0,Eastern Mediterranean
Ireland,2000,100[100–100],100.0,100.0,100.0,Europe
Israel,2000,100[100–100],100.0,100.0,100.0,Europe
Italy,2000,1200[1000–1500],1200.0,1000.0,1500.0,Europe
Jamaica,2000,2400[1900–3100],2400.0,1900.0,3100.0,Americas
Japan,2000,na,605.0,500.0,875.0,Western Pacific
Jordan,2000,100[100–100],100.0,100.0,100.0,Eastern Mediterranean
Kazakhstan,2000,100[100–100],100.0,100.0,100.0,Europe
Kenya,2000,120000[88000–190000],120000.0,88000.0,190000.0,Africa
Kuwait,2000,100[100–100],100.0,100.0,100.0,Eastern Mediterranean
Kyrgyzstan,2000,100[100–100],100.0,100.0,100.0,Europe
Lao People's Democratic Republic,2000,100[100–100],100.0,100.0,100.0,Western Pacific
Latvia,2000,100[100–200],100.0,100.0,200.0,Europe
Lebanon,2000,100[100–100],100.0,100.0,100.0,Eastern Mediterranean
Lesotho,2000,12000[9000–16000],12000.0,9000.0,16000.0,Africa
Liberia,2000,3000[2600–3400],3000.0,2600.0,3400.0,Africa
Libya,2000,100[100–100],100.0,100.0,100.0,Eastern Mediterranean
Lithuania,2000,na,605.0,500.0,875.0,Europe
Luxembourg,2000,100[100–100],100.0,100.0,100.0,Europe
Madagascar,2000,500[200–930],500.0,200.0,930.0,Africa
Malawi,2000,57000[49000–65000],57000.0,49000.0,65000.0,Africa
Malaysia,2000,2700[2200–3200],2700.0,2200.0,3200.0,Western Pacific
Maldives,2000,na,605.0,500.0,875.0,South-East Asia
Mali,2000,7700[5600–9800],7700.0,5600.0,9800.0,Africa
Malta,2000,na,605.0,500.0,875.0,Europe
Mauritania,2000,500[200–500],500.0,200.0,500.0,Africa
Mauritius,2000,100[100–200],100.0,100.0,200.0,Africa
Mexico,2000,na,605.0,500.0,875.0,Americas
Mongolia,2000,100[100–100],100.0,100.0,100.0,Western Pacific
Montenegro,2000,100[100–100],100.0,100.0,100.0,Europe
Morocco,2000,500[500–680],500.0,500.0,680.0,Eastern Mediterranean
Mozambique,2000,40000[29000–54000],40000.0,29000.0,54000.0,Africa
Myanmar,2000,5800[4600–6800],5800.0,4600.0,6800.0,South-East Asia
Namibia,2000,7300[5700–9100],7300.0,5700.0,9100.0,Africa
Nepal,2000,500[500–500],500.0,500.0,500.0,South-East Asia
Netherlands,2000,200[200–200],200.0,200.0,200.0,Europe
New Zealand,2000,100[100–100],100.0,100.0,100.0,Western Pacific
Nicaragua,2000,100[100–500],100.0,100.0,500.0,Americas
Niger,2000,2300[1700–3000],2300.0,1700.0,3000.0,Africa
Nigeria,2000,78000[45000–130000],78000.0,45000.0,130000.0,Africa
Norway,2000,100[100–100],100.0,100.0,100.0,Europe
Oman,2000,100[100–100],100.0,100.0,100.0,Eastern Mediterranean
Pakistan,2000,100[100–100],100.0,100.0,100.0,Eastern Mediterranean
Panama,2000,500[500–500],500.0,500.0,500.0,Americas
Papua New Guinea,2000,na,605.0,500.0,875.0,Western Pacific
Paraguay,2000,500[200–920],500.0,200.0,920.0,Americas
Peru,2000,5100[3800–7000],5100.0,3800.0,7000.0,Americas
Philippines,2000,100[100–100],100.0,100.0,100.0,Western Pacific
Poland,2000,na,605.0,500.0,875.0,Europe
Portugal,2000,1100[890–1400],1100.0,890.0,1400.0,Europe
Qatar,2000,na,605.0,500.0,875.0,Eastern Mediterranean
Republic of Korea,2000,na,605.0,500.0,875.0,Western Pacific
Republic of Moldova,2000,500[500–500],500.0,500.0,500.0,Europe
Republic of North Macedonia,2000,100[100–100],100.0,100.0,100.0,Europe
Romania,2000,500[500–500],500.0,500.0,500.0,Europe
Russian Federation,2000,na,605.0,500.0,875.0,Europe
Rwanda,2000,18000[14000–22000],18000.0,14000.0,22000.0,Africa
Saudi Arabia,2000,na,605.0,500.0,875.0,Eastern Mediterranean
Senegal,2000,1700[1300–2300],1700.0,1300.0,2300.0,Africa
Serbia,2000,200[100–200],200.0,100.0,200.0,Europe
Sierra Leone,2000,2400[1600–3300],2400.0,1600.0,3300.0,Africa
Singapore,2000,na,605.0,500.0,875.0,Western Pacific
Slovakia,2000,100[100–100],100.0,100.0,100.0,Europe
Slovenia,2000,100[100–100],100.0,100.0,100.0,Europe
Somalia,2000,810[560–1100],810.0,560.0,1100.0,Eastern Mediterranean
South Africa,2000,100000[68000–140000],100000.0,68000.0,140000.0,Africa
South Sudan,2000,5100[2600–7500],5100.0,2600.0,7500.0,Africa
Spain,2000,1800[1500–2300],1800.0,1500.0,2300.0,Europe
Sri Lanka,2000,100[100–100],100.0,100.0,100.0,South-East Asia
Sudan,2000,650[500–1700],650.0,500.0,1700.0,Eastern Mediterranean
Suriname,2000,200[100–500],200.0,100.0,500.0,Americas
Sweden,2000,na,605.0,500.0,875.0,Europe
Switzerland,2000,na,605.0,500.0,875.0,Europe
Syrian Arab Republic,2000,100[100–100],100.0,100.0,100.0,Eastern Mediterranean
Tajikistan,2000,100[100–100],100.0,100.0,100.0,Europe
Thailand,2000,54000[45000–62000],54000.0,45000.0,62000.0,South-East Asia
Timor-Leste,2000,na,605.0,500.0,875.0,South-East Asia
Togo,2000,5600[5000–6300],5600.0,5000.0,6300.0,Africa
Trinidad and Tobago,2000,na,605.0,500.0,875.0,Americas
Tunisia,2000,100[100–100],100.0,100.0,100.0,Eastern Mediterranean
Turkey,2000,na,605.0,500.0,875.0,Europe
Turkmenistan,2000,na,605.0,500.0,875.0,Europe
Uganda,2000,85000[75000–99000],85000.0,75000.0,99000.0,Africa
Ukraine,2000,4500[3100–6200],4500.0,3100.0,6200.0,Europe
United Arab Emirates,2000,na,605.0,500.0,875.0,Eastern Mediterranean
United Kingdom of Great Britain and Northern Ireland,2000,na,605.0,500.0,875.0,Europe
United Republic of Tanzania,2000,80000[69000–90000],80000.0,69000.0,90000.0,Africa
United States of America,2000,na,605.0,500.0,875.0,Americas
Uruguay,2000,500[100–500],500.0,100.0,500.0,Americas
Uzbekistan,2000,840[740–920],840.0,740.0,920.0,Europe
Venezuela (Bolivarian Republic of),2000,na,605.0,500.0,875.0,Americas
Viet Nam,2000,6100[4300–7800],6100.0,4300.0,7800.0,Western Pacific
Yemen,2000,100[100–200],100.0,100.0,200.0,Eastern Mediterranean
Zambia,2000,62000[49000–81000],62000.0,49000.0,81000.0,Africa
Zimbabwe,2000,120000[98000–150000],120000.0,98000.0,150000.0,Africa
