Country,Received Antiretrovirals,Needing antiretrovirals,Percentage Recieved,Needing antiretrovirals_median,Needing antiretrovirals_min,Needing antiretrovirals_max,Percentage Recieved_median,Percentage Recieved_min,Percentage Recieved_max,WHO Region
Afghanistan,20,200[100–500],11[7–18],200.0,100.0,500.0,11.0,7.0,18.0,Eastern Mediterranean
Albania,No data,Nodata,Nodata,1100.0,820.0,1400.0,79.0,59.5,94.5,Europe
Algeria,320,500[500–500],74[69–78],500.0,500.0,500.0,74.0,69.0,78.0,Africa
Angola,9600,25000[19000–32000],38[29–48],25000.0,19000.0,32000.0,38.0,29.0,48.0,Africa
Argentina,1800,1800[1600–2000],95[85–95],1800.0,1600.0,2000.0,95.0,85.0,95.0,Americas
Armenia,50,Nodata,Nodata,1100.0,820.0,1400.0,79.0,59.5,94.5,Europe
Australia,No data,100[100–100],Nodata,100.0,100.0,100.0,79.0,59.5,94.5,Western Pacific
Austria,No data,Nodata,Nodata,1100.0,820.0,1400.0,79.0,59.5,94.5,Europe
Azerbaijan,No data,Nodata,Nodata,1100.0,820.0,1400.0,79.0,59.5,94.5,Europe
Bahamas,50,100[100–200],58[51–65],100.0,100.0,200.0,58.0,51.0,65.0,Americas
Bahrain,0,Nodata,Nodata,1100.0,820.0,1400.0,79.0,59.5,94.5,Eastern Mediterranean
Bangladesh,40,200[200–200],28[24–33],200.0,200.0,200.0,28.0,24.0,33.0,South-East Asia
Barbados,20,Nodata,Nodata,1100.0,820.0,1400.0,79.0,59.5,94.5,Americas
Belarus,230,500[200–500],90[67–95],500.0,200.0,500.0,90.0,67.0,95.0,Europe
Belgium,No data,Nodata,Nodata,1100.0,820.0,1400.0,79.0,59.5,94.5,Europe
Belize,40,100[100–200],44[39–49],100.0,100.0,200.0,44.0,39.0,49.0,Americas
Benin,4600,2600[1600–4300],95[95–95],2600.0,1600.0,4300.0,95.0,95.0,95.0,Africa
Bhutan,No data,Nodata,Nodata,1100.0,820.0,1400.0,79.0,59.5,94.5,South-East Asia
Bolivia (Plurinational State of),350,500[500–500],95[95–95],500.0,500.0,500.0,95.0,95.0,95.0,Americas
Bosnia and Herzegovina,No data,Nodata,Nodata,1100.0,820.0,1400.0,79.0,59.5,94.5,Europe
Botswana,12 400,13000[10000–14000],95[77–95],13000.0,10000.0,14000.0,95.0,77.0,95.0,Africa
Brazil,No data,Nodata,Nodata,1100.0,820.0,1400.0,79.0,59.5,94.5,Americas
Brunei Darussalam,0,Nodata,Nodata,1100.0,820.0,1400.0,79.0,59.5,94.5,Western Pacific
Bulgaria,No data,Nodata,Nodata,1100.0,820.0,1400.0,79.0,59.5,94.5,Europe
Burkina Faso,4700,4900[3600–6100],95[71–95],4900.0,3600.0,6100.0,95.0,71.0,95.0,Africa
Burundi,4000,5000[3800–6000],80[61–95],5000.0,3800.0,6000.0,80.0,61.0,95.0,Africa
Cabo Verde,No data,Nodata,Nodata,1100.0,820.0,1400.0,79.0,59.5,94.5,Africa
Cambodia,620,730[600–850],85[71–95],730.0,600.0,850.0,85.0,71.0,95.0,Western Pacific
Cameroon,21 700,27000[21000–32000],80[61–94],27000.0,21000.0,32000.0,80.0,61.0,94.0,Africa
Canada,No data,Nodata,Nodata,1100.0,820.0,1400.0,79.0,59.5,94.5,Americas
Central African Republic,3200,4500[3300–5800],71[52–91],4500.0,3300.0,5800.0,71.0,52.0,91.0,Africa
Chad,5600,10000[7200–13000],56[40–72],10000.0,7200.0,13000.0,56.0,40.0,72.0,Africa
Chile,370,500[500–500],95[95–95],500.0,500.0,500.0,95.0,95.0,95.0,Americas
China,No data,Nodata,Nodata,1100.0,820.0,1400.0,79.0,59.5,94.5,Western Pacific
Colombia,490,2300[1900–2700],21[17–25],2300.0,1900.0,2700.0,21.0,17.0,25.0,Americas
Comoros,0,Nodata,Nodata,1100.0,820.0,1400.0,79.0,59.5,94.5,Africa
Congo,1000,4100[2800–5800],25[17–36],4100.0,2800.0,5800.0,25.0,17.0,36.0,Americas
Costa Rica,40,Nodata,Nodata,1100.0,820.0,1400.0,79.0,59.5,94.5,Americas
Côte d'Ivoire,16 500,18000[13000–24000],90[65–95],18000.0,13000.0,24000.0,90.0,65.0,95.0,Africa
Croatia,No data,Nodata,Nodata,1100.0,820.0,1400.0,79.0,59.5,94.5,Europe
Cuba,180,200[200–200],95[86–95],200.0,200.0,200.0,95.0,86.0,95.0,Americas
Cyprus,No data,Nodata,Nodata,1100.0,820.0,1400.0,79.0,59.5,94.5,Europe
Czechia,10,Nodata,Nodata,1100.0,820.0,1400.0,79.0,59.5,94.5,Europe
Democratic People's Republic of Korea,No data,Nodata,Nodata,1100.0,820.0,1400.0,79.0,59.5,94.5,Western Pacific
Democratic Republic of the Congo,11 400,26000[20000–31000],44[33–52],26000.0,20000.0,31000.0,44.0,33.0,52.0,Africa
Denmark,No data,Nodata,Nodata,1100.0,820.0,1400.0,79.0,59.5,94.5,Europe
Djibouti,60,500[200–500],30[22–39],500.0,200.0,500.0,30.0,22.0,39.0,Eastern Mediterranean
Dominican Republic,770,910[690–1200],84[64–95],910.0,690.0,1200.0,84.0,64.0,95.0,Americas
Ecuador,370,500[500–620],95[68–95],500.0,500.0,620.0,95.0,68.0,95.0,Americas
Egypt,60,500[500–500],16[15–18],500.0,500.0,500.0,16.0,15.0,18.0,Eastern Mediterranean
El Salvador,110,500[500–500],40[33–46],500.0,500.0,500.0,40.0,33.0,46.0,Americas
Equatorial Guinea,1300,2600[1800–3500],50[35–68],2600.0,1800.0,3500.0,50.0,35.0,68.0,Africa
Eritrea,230,500[500–690],48[34–69],500.0,500.0,690.0,48.0,34.0,69.0,Africa
Estonia,No data,Nodata,Nodata,1100.0,820.0,1400.0,79.0,59.5,94.5,Europe
Eswatini,8600,11000[9000–12000],79[66–89],11000.0,9000.0,12000.0,79.0,66.0,89.0,Africa
Ethiopia,18 400,20000[14000–28000],92[63–95],20000.0,14000.0,28000.0,92.0,63.0,95.0,Africa
Fiji,No data,Nodata,Nodata,1100.0,820.0,1400.0,79.0,59.5,94.5,Western Pacific
Finland,No data,Nodata,Nodata,1100.0,820.0,1400.0,79.0,59.5,94.5,Europe
France,No data,1200[1100–1300],Nodata,1200.0,1100.0,1300.0,79.0,59.5,94.5,Europe
Gabon,1900,2700[1900–3600],72[52–95],2700.0,1900.0,3600.0,72.0,52.0,95.0,Africa
Gambia,700,1000[820–1300],68[54–86],1000.0,820.0,1300.0,68.0,54.0,86.0,Africa
Georgia,No data,Nodata,Nodata,1100.0,820.0,1400.0,79.0,59.5,94.5,Europe
Germany,No data,500[500–500],Nodata,500.0,500.0,500.0,79.0,59.5,94.5,Europe
Ghana,13 000,16000[12000–21000],79[58–95],16000.0,12000.0,21000.0,79.0,58.0,95.0,Africa
Greece,No data,Nodata,Nodata,1100.0,820.0,1400.0,79.0,59.5,94.5,Europe
Guatemala,270,790[720–870],34[31–38],790.0,720.0,870.0,34.0,31.0,38.0,Americas
Guinea,3300,5100[3800–6600],65[48–84],5100.0,3800.0,6600.0,65.0,48.0,84.0,Africa
Guinea-Bissau,1000,2100[1700–2500],48[38–58],2100.0,1700.0,2500.0,48.0,38.0,58.0,Africa
Guyana,160,200[200–500],89[67–95],200.0,200.0,500.0,89.0,67.0,95.0,Americas
Haiti,4900,5900[4700–6800],83[67–95],5900.0,4700.0,6800.0,83.0,67.0,95.0,Americas
Honduras,200,500[500–500],59[48–72],500.0,500.0,500.0,59.0,48.0,72.0,Americas
Hungary,No data,Nodata,Nodata,1100.0,820.0,1400.0,79.0,59.5,94.5,Europe
Iceland,No data,Nodata,Nodata,1100.0,820.0,1400.0,79.0,59.5,94.5,Europe
India,13 200,Nodata,Nodata,1100.0,820.0,1400.0,79.0,59.5,94.5,South-East Asia
Indonesia,1800,12000[10000–14000],15[13–18],12000.0,10000.0,14000.0,15.0,13.0,18.0,South-East Asia
Iran (Islamic Republic of),310,500[200–840],81[41–95],500.0,200.0,840.0,81.0,41.0,95.0,Eastern Mediterranean
Ireland,No data,100[100–100],Nodata,100.0,100.0,100.0,79.0,59.5,94.5,Europe
Israel,No data,100[100–100],Nodata,100.0,100.0,100.0,79.0,59.5,94.5,Europe
Italy,No data,500[500–500],Nodata,500.0,500.0,500.0,79.0,59.5,94.5,Europe
Jamaica,400,500[500–500],95[95–95],500.0,500.0,500.0,95.0,95.0,95.0,Americas
Japan,No data,Nodata,Nodata,1100.0,820.0,1400.0,79.0,59.5,94.5,Western Pacific
Jordan,No data,Nodata,Nodata,1100.0,820.0,1400.0,79.0,59.5,94.5,Eastern Mediterranean
Kazakhstan,360,610[550–660],59[54–65],610.0,550.0,660.0,59.0,54.0,65.0,Europe
Kenya,57 500,63000[49000–80000],91[70–95],63000.0,49000.0,80000.0,91.0,70.0,95.0,Africa
Kuwait,0,Nodata,Nodata,1100.0,820.0,1400.0,79.0,59.5,94.5,Eastern Mediterranean
Kyrgyzstan,130,200[200–500],88[69–95],200.0,200.0,500.0,88.0,69.0,95.0,Europe
Lao People's Democratic Republic,90,500[500–500],35[31–41],500.0,500.0,500.0,35.0,31.0,41.0,Western Pacific
Latvia,No data,Nodata,Nodata,1100.0,820.0,1400.0,79.0,59.5,94.5,Europe
Lebanon,No data,Nodata,Nodata,1100.0,820.0,1400.0,79.0,59.5,94.5,Eastern Mediterranean
Lesotho,8200,11000[8200–12000],77[59–89],11000.0,8200.0,12000.0,77.0,59.0,89.0,Africa
Liberia,1800,2000[1500–2300],93[70–95],2000.0,1500.0,2300.0,93.0,70.0,95.0,Africa
Libya,60,200[100–200],63[56–69],200.0,100.0,200.0,63.0,56.0,69.0,Eastern Mediterranean
Lithuania,No data,Nodata,Nodata,1100.0,820.0,1400.0,79.0,59.5,94.5,Europe
Luxembourg,No data,Nodata,Nodata,1100.0,820.0,1400.0,79.0,59.5,94.5,Europe
Madagascar,280,1100[820–1600],25[19–36],1100.0,820.0,1600.0,25.0,19.0,36.0,Africa
Malawi,47 100,45000[34000–53000],95[80–95],45000.0,34000.0,53000.0,95.0,80.0,95.0,Africa
Malaysia,260,500[500–500],95[86–95],500.0,500.0,500.0,95.0,86.0,95.0,Western Pacific
Maldives,No data,Nodata,Nodata,1100.0,820.0,1400.0,79.0,59.5,94.5,South-East Asia
Mali,2400,10000[8300–13000],24[19–31],10000.0,8300.0,13000.0,24.0,19.0,31.0,Africa
Malta,No data,Nodata,Nodata,1100.0,820.0,1400.0,79.0,59.5,94.5,Europe
Mauritania,50,200[200–200],38[31–47],200.0,200.0,200.0,38.0,31.0,47.0,Africa
Mauritius,110,100[100–100],95[95–95],100.0,100.0,100.0,95.0,95.0,95.0,Africa
Mexico,No data,Nodata,Nodata,1100.0,820.0,1400.0,79.0,59.5,94.5,Americas
Mongolia,No data,Nodata,Nodata,1100.0,820.0,1400.0,79.0,59.5,94.5,Western Pacific
Montenegro,No data,Nodata,Nodata,1100.0,820.0,1400.0,79.0,59.5,94.5,Europe
Morocco,220,500[500–500],61[50–78],500.0,500.0,500.0,61.0,50.0,78.0,Eastern Mediterranean
Mozambique,109 000,110000[78000–140000],95[73–95],110000.0,78000.0,140000.0,95.0,73.0,95.0,Africa
Myanmar,4300,5400[4700–6100],80[69–89],5400.0,4700.0,6100.0,80.0,69.0,89.0,South-East Asia
Namibia,12 100,10000[8200–12000],95[92–95],10000.0,8200.0,12000.0,95.0,92.0,95.0,Africa
Nepal,150,500[500–500],51[43–60],500.0,500.0,500.0,51.0,43.0,60.0,South-East Asia
Netherlands,No data,Nodata,Nodata,1100.0,820.0,1400.0,79.0,59.5,94.5,Europe
New Zealand,0,Nodata,Nodata,1100.0,820.0,1400.0,79.0,59.5,94.5,Western Pacific
Nicaragua,120,200[200–200],90[73–95],200.0,200.0,200.0,90.0,73.0,95.0,Americas
Niger,940,1600[1400–2000],58[48–70],1600.0,1400.0,2000.0,58.0,48.0,70.0,Africa
Nigeria,43 700,100000[65000–140000],44[28–62],100000.0,65000.0,140000.0,44.0,28.0,62.0,Africa
Norway,No data,Nodata,Nodata,1100.0,820.0,1400.0,79.0,59.5,94.5,Europe
Oman,40,Nodata,Nodata,1100.0,820.0,1400.0,79.0,59.5,94.5,Eastern Mediterranean
Pakistan,320,3200[2700–3800],10[8–12],3200.0,2700.0,3800.0,10.0,8.0,12.0,Eastern Mediterranean
Panama,190,500[200–500],92[83–95],500.0,200.0,500.0,92.0,83.0,95.0,Americas
Papua New Guinea,960,1200[910–1500],79[59–95],1200.0,910.0,1500.0,79.0,59.0,95.0,Western Pacific
Paraguay,250,500[200–500],88[60–95],500.0,200.0,500.0,88.0,60.0,95.0,Americas
Peru,930,1100[880–1500],85[67–95],1100.0,880.0,1500.0,85.0,67.0,95.0,Americas
Philippines,70,500[500–500],18[15–22],500.0,500.0,500.0,18.0,15.0,22.0,Western Pacific
Poland,No data,Nodata,Nodata,1100.0,820.0,1400.0,79.0,59.5,94.5,Europe
Portugal,No data,200[100–200],Nodata,200.0,100.0,200.0,79.0,59.5,94.5,Europe
Qatar,No data,Nodata,Nodata,1100.0,820.0,1400.0,79.0,59.5,94.5,Eastern Mediterranean
Republic of Korea,No data,Nodata,Nodata,1100.0,820.0,1400.0,79.0,59.5,94.5,Western Pacific
Republic of Moldova,180,500[200–500],73[54–95],500.0,200.0,500.0,73.0,54.0,95.0,Europe
Republic of North Macedonia,No data,Nodata,Nodata,1100.0,820.0,1400.0,79.0,59.5,94.5,Europe
Romania,230,200[200–200],95[95–95],200.0,200.0,200.0,95.0,95.0,95.0,Europe
Russian Federation,13 600,Nodata,Nodata,1100.0,820.0,1400.0,79.0,59.5,94.5,Europe
Rwanda,8600,8100[6000–9400],95[79–95],8100.0,6000.0,9400.0,95.0,79.0,95.0,Africa
Saudi Arabia,40,Nodata,Nodata,1100.0,820.0,1400.0,79.0,59.5,94.5,Eastern Mediterranean
Senegal,1400,2200[1800–2500],65[56–75],2200.0,1800.0,2500.0,65.0,56.0,75.0,Africa
Serbia,No data,Nodata,Nodata,1100.0,820.0,1400.0,79.0,59.5,94.5,Europe
Sierra Leone,4400,Nodata,Nodata,1100.0,820.0,1400.0,79.0,59.5,94.5,Africa
Singapore,20,Nodata,Nodata,1100.0,820.0,1400.0,79.0,59.5,94.5,Western Pacific
Slovakia,No data,Nodata,Nodata,1100.0,820.0,1400.0,79.0,59.5,94.5,Europe
Slovenia,No data,Nodata,Nodata,1100.0,820.0,1400.0,79.0,59.5,94.5,Europe
Somalia,90,500[500–730],19[14–31],500.0,500.0,730.0,19.0,14.0,31.0,Eastern Mediterranean
South Africa,248 000,290000[210000–350000],87[63–95],290000.0,210000.0,350000.0,87.0,63.0,95.0,Africa
South Sudan,5500,9900[7200–13000],56[41–74],9900.0,7200.0,13000.0,56.0,41.0,74.0,Africa
Spain,No data,500[200–500],Nodata,500.0,200.0,500.0,79.0,59.5,94.5,Europe
Sri Lanka,20,Nodata,Nodata,1100.0,820.0,1400.0,79.0,59.5,94.5,South-East Asia
Sudan,100,2000[760–3700],5[2–9],2000.0,760.0,3700.0,5.0,2.0,9.0,Eastern Mediterranean
Suriname,90,100[100–100],95[84–95],100.0,100.0,100.0,95.0,84.0,95.0,Americas
Sweden,No data,Nodata,Nodata,1100.0,820.0,1400.0,79.0,59.5,94.5,Europe
Switzerland,No data,Nodata,Nodata,1100.0,820.0,1400.0,79.0,59.5,94.5,Europe
Syrian Arab Republic,10,Nodata,Nodata,1100.0,820.0,1400.0,79.0,59.5,94.5,Eastern Mediterranean
Tajikistan,220,500[500–560],46[39–56],500.0,500.0,560.0,46.0,39.0,56.0,Europe
Thailand,3800,3900[3200–4500],95[81–95],3900.0,3200.0,4500.0,95.0,81.0,95.0,South-East Asia
Timor-Leste,No data,Nodata,Nodata,1100.0,820.0,1400.0,79.0,59.5,94.5,South-East Asia
Togo,4300,5400[4200–6200],80[62–92],5400.0,4200.0,6200.0,80.0,62.0,92.0,Africa
Trinidad and Tobago,No data,Nodata,Nodata,1100.0,820.0,1400.0,79.0,59.5,94.5,Americas
Tunisia,10,Nodata,Nodata,1100.0,820.0,1400.0,79.0,59.5,94.5,Eastern Mediterranean
Turkey,No data,Nodata,Nodata,1100.0,820.0,1400.0,79.0,59.5,94.5,Europe
Turkmenistan,No data,Nodata,Nodata,1100.0,820.0,1400.0,79.0,59.5,94.5,Europe
Uganda,94 800,100000[81000–120000],93[73–95],100000.0,81000.0,120000.0,93.0,73.0,95.0,Africa
Ukraine,2200,2200[1900–2500],95[89–95],2200.0,1900.0,2500.0,95.0,89.0,95.0,Europe
United Arab Emirates,10,Nodata,Nodata,1100.0,820.0,1400.0,79.0,59.5,94.5,Eastern Mediterranean
United Kingdom of Great Britain and Northern Ireland,No data,Nodata,Nodata,1100.0,820.0,1400.0,79.0,59.5,94.5,Europe
United Republic of Tanzania,77 000,83000[62000–98000],93[70–95],83000.0,62000.0,98000.0,93.0,70.0,95.0,Africa
United States of America,No data,Nodata,Nodata,1100.0,820.0,1400.0,79.0,59.5,94.5,Americas
Uruguay,140,200[100–200],95[71–95],200.0,100.0,200.0,95.0,71.0,95.0,Americas
Uzbekistan,540,1500[1400–1600],35[33–38],1500.0,1400.0,1600.0,35.0,33.0,38.0,Europe
Venezuela (Bolivarian Republic of),410,Nodata,Nodata,1100.0,820.0,1400.0,79.0,59.5,94.5,Americas
Viet Nam,1900,2400[2000–2800],81[69–95],2400.0,2000.0,2800.0,81.0,69.0,95.0,Western Pacific
Yemen,30,500[200–500],13[8–20],500.0,200.0,500.0,13.0,8.0,20.0,Eastern Mediterranean
Zambia,56 500,48000[38000–57000],95[94–95],48000.0,38000.0,57000.0,95.0,94.0,95.0,Africa
Zimbabwe,59 600,63000[48000–76000],94[71–95],63000.0,48000.0,76000.0,94.0,71.0,95.0,Africa
